id,name,model_id,group_id/id,operation,domain
access_gate_entry_guard,gate.entry guard,gate.entry,gate_management.group_gate_guard,cru,
access_gate_entry_manager,gate.entry manager,gate.entry,gate_management.group_gate_manager,crud,
rule_gate_entry_company,gate.entry: multi-company,gate.entry,,crud,"['|', ('company_id', '=', False), ('company_id', 'in', company_ids)]"
access_gate_worker_guard,gate.worker guard,gate.worker,gate_management.group_gate_guard,r,
access_gate_worker_manager,gate.worker manager,gate.worker,gate_management.group_gate_manager,crud,
rule_gate_worker_company,gate.worker: multi-company,gate.worker,,crud,"['|', ('company_id', '=', False), ('company_id', 'in', company_ids)]"
access_gate_worker_log_guard,gate.worker.log guard,gate.worker.log,gate_management.group_gate_guard,cru,
access_gate_worker_log_manager,gate.worker.log manager,gate.worker.log,gate_management.group_gate_manager,crud,
access_gate_worker_break_guard,gate.worker.break guard,gate.worker.break,gate_management.group_gate_guard,cru,
access_gate_worker_break_manager,gate.worker.break manager,gate.worker.break,gate_management.group_gate_manager,crud,
access_gate_share_wizard,gate.share.wizard,gate.share.wizard,gate_management.group_gate_guard,crud,
access_gate_verify_otp_wizard,gate.verify.otp.wizard,gate.verify.otp.wizard,gate_management.group_gate_guard,crud,
rule_gate_worker_log_company,gate.worker.log: multi-company,gate.worker.log,,crud,"['|', ('worker_id.company_id', '=', False), ('worker_id.company_id', 'in', company_ids)]"
rule_gate_worker_break_company,gate.worker.break: multi-company,gate.worker.break,,crud,"['|', ('worker_id.company_id', '=', False), ('worker_id.company_id', 'in', company_ids)]"
